t,S,E,I-P,I-A,I-S,I-H,R,D_cum,alive
1,1,0,0,0,0,0,0,0,1
2,2,0,1,0,0,0,0,0,3
3,0,0,3,0,0,0,1,0,4
4,1,0,3,0,0,0,0,0,4
5,0,2,0,0,2,0,1,0,5
6,0,1,2,0,2,0,1,0,6
7,0,1,0,2,1,0,3,0,7
8,0,2,1,0,0,0,5,0,8
9,0,0,3,0,1,0,5,0,9
10,1,0,1,1,2,0,5,0,10
11,0,2,1,0,0,0,8,0,11
12,2,0,2,0,1,0,7,0,12
13,0,3,2,0,0,0,8,0,13
14,2,0,3,0,1,0,8,0,14
15,1,0,5,0,0,0,9,0,15
16,1,2,0,0,5,0,8,0,16
17,0,2,2,0,5,0,8,0,17
18,2,0,2,0,2,2,10,0,18
19,0,0,5,0,0,0,14,0,19
20,0,2,0,3,0,0,15,0,20
21,0,1,2,0,0,0,18,0,21
22,2,1,3,0,0,0,17,0,23
23,1,0,3,0,0,0,20,0,24
24,2,0,4,0,0,0,19,0,25
25,1,0,2,0,1,0,22,0,26
26,1,2,0,1,1,0,22,0,27
27,0,2,2,0,0,0,24,0,28
28,0,2,2,0,1,0,24,0,29
29,0,1,0,3,1,0,25,0,30
30,1,0,2,0,1,0,27,0,31
31,1,0,3,0,0,0,28,0,32
32,0,3,0,1,2,0,27,0,33
33,0,1,3,0,2,0,28,0,34
34,2,0,1,2,1,0,30,0,36
35,0,0,4,0,0,0,32,0,36
36,2,0,0,3,1,0,31,0,37
37,1,0,2,0,1,0,34,0,38
38,0,0,3,0,1,0,35,0,39
39,0,0,1,2,1,1,35,0,40
40,1,0,1,0,0,0,39,0,41
41,2,0,1,0,0,1,38,0,42
42,1,0,2,0,0,1,39,0,43
43,0,3,0,0,1,0,40,0,44
44,0,1,3,0,0,0,41,0,45
45,2,0,4,0,0,0,40,0,46
46,0,3,1,1,2,0,40,0,47
47,0,1,0,2,2,0,43,0,48
48,0,2,1,0,0,0,46,0,49
49,2,0,2,0,1,0,45,0,50
50,0,0,3,0,2,0,46,0,51
51,2,0,0,0,4,0,46,0,52
52,1,0,2,0,0,1,49,0,53
53,0,0,4,0,0,0,49,0,53
54,0,1,1,0,0,0,52,0,54
55,0,2,0,0,1,0,52,0,55
56,0,1,0,1,1,0,53,0,56
57,1,0,2,0,0,0,54,0,57
58,1,1,0,0,0,0,56,0,58
59,2,0,2,0,0,0,55,0,59
60,0,0,5,0,0,0,55,0,60
61,0,0,5,1,0,0,55,0,61
62,1,0,0,2,3,0,56,0,62
63,2,1,0,0,3,0,57,0,63
64,1,3,1,0,0,0,59,0,64
65,0,2,3,0,0,0,60,0,65
66,0,0,6,0,0,0,60,0,66
67,1,0,4,0,0,0,62,0,67
68,1,1,0,1,3,0,62,0,68
69,2,0,2,0,3,0,62,0,69
70,0,0,3,1,1,0,65,0,70
71,1,1,0,3,0,0,66,0,71
72,0,0,3,0,0,0,68,0,71
73,1,0,0,0,3,0,68,0,72
74,1,0,2,0,0,0,70,0,73
75,1,0,3,0,0,0,70,0,74
76,1,0,2,3,0,0,69,0,75
77,1,0,1,0,1,0,73,0,76
78,2,0,0,1,2,0,72,0,77
79,0,3,0,0,0,0,75,0,78
80,0,2,3,0,0,0,74,0,79
81,1,0,2,2,1,0,74,0,80
82,0,3,0,1,1,0,76,0,81
83,1,0,3,0,1,0,77,0,82
84,2,0,1,0,2,0,79,0,84
85,2,2,0,1,0,2,78,0,85
86,0,0,4,0,0,0,80,0,84
87,2,0,5,0,0,0,79,1,86
88,0,0,4,0,3,0,79,1,86
89,0,2,3,1,0,0,82,1,88
90,1,0,3,0,2,0,83,1,89
91,1,1,0,0,2,0,86,1,90
92,0,0,3,0,0,0,87,1,90
93,0,1,0,0,2,0,88,1,91
94,1,1,0,1,2,0,87,1,92
95,0,2,1,0,0,0,90,1,93
96,0,3,2,1,0,0,89,1,95
97,0,0,0,2,3,0,90,1,95
98,2,0,0,0,0,1,94,1,97
99,1,3,0,0,0,0,94,1,98
100,0,1,3,0,0,0,94,1,98
101,2,0,1,0,2,0,94,1,99
102,0,0,4,0,0,0,96,1,100
103,3,0,0,0,1,0,98,1,102
104,0,3,0,0,0,0,99,1,102
105,0,3,3,0,0,0,98,1,104
106,0,1,3,0,1,0,100,1,105
107,0,2,1,2,1,1,99,1,106
108,0,1,0,2,1,0,101,2,105
109,0,1,1,0,0,0,104,2,106
110,2,0,1,0,1,0,104,2,108
111,0,4,0,0,1,1,103,2,109
112,0,1,3,0,0,0,105,2,109
113,2,1,4,0,0,0,104,2,111
114,0,3,1,0,4,0,104,2,112
115,1,1,3,0,4,0,104,2,113
116,0,1,4,0,0,1,107,2,113
117,2,0,1,0,4,0,107,2,114
118,1,2,0,0,0,2,110,2,115
119,0,3,0,2,0,2,109,2,116
120,1,1,2,0,0,0,113,2,117
121,1,1,1,2,0,0,113,2,118
122,2,1,2,0,0,0,114,2,119
123,0,3,1,1,1,0,114,2,120
124,0,1,4,0,2,0,114,2,121
125,0,1,5,0,0,0,116,2,122
126,2,0,2,0,2,0,117,2,123
127,0,3,0,0,1,1,119,2,124
128,0,2,0,3,1,0,119,2,125
129,2,0,2,0,0,0,123,2,127
130,0,3,2,0,0,0,122,2,127
131,1,0,3,0,2,0,122,2,128
132,0,3,0,0,1,0,125,2,129
133,2,0,3,0,0,0,126,2,131
134,1,0,3,0,3,0,125,2,132
135,0,2,3,0,3,0,125,2,133
136,2,0,2,0,3,0,127,2,134
137,0,0,3,0,2,0,130,2,135
138,1,0,0,0,3,1,131,2,136
139,0,3,0,0,0,1,133,2,137
140,0,1,3,0,0,0,134,2,138
141,1,0,2,2,0,0,134,2,139
142,1,0,3,0,0,0,136,2,140
143,1,0,0,0,1,0,139,2,141
144,0,1,0,0,0,1,139,2,141
145,2,0,1,0,0,1,138,2,142
146,1,0,4,0,0,0,139,2,144
147,0,2,3,0,1,0,138,2,144
148,1,0,2,0,3,0,139,2,145
149,1,0,1,0,2,1,141,2,146
150,0,3,0,1,0,1,142,2,147
151,0,2,3,0,0,0,143,2,148
152,1,0,0,1,4,0,143,2,149
153,1,0,1,0,0,0,148,2,150
154,2,0,1,0,1,0,147,2,151
155,0,3,1,0,0,1,147,2,152
156,0,2,3,0,1,0,147,2,153
157,1,0,2,3,1,0,147,2,154
158,2,0,0,2,1,1,149,2,155
159,1,2,0,0,0,0,153,2,156
160,2,0,3,0,0,0,152,2,157
161,1,0,5,0,0,0,152,2,158
162,1,0,4,0,2,0,152,2,159
163,1,0,1,0,3,0,155,2,160
164,1,2,0,0,0,0,158,2,161
165,1,0,3,0,0,0,158,2,162
166,3,0,4,0,0,0,157,2,164
167,1,3,0,1,3,0,157,2,165
168,0,1,4,0,0,0,161,2,166
169,1,0,2,0,3,0,160,2,166
170,2,1,0,1,4,0,159,2,167
171,0,3,0,0,1,2,162,2,168
172,0,2,3,0,0,0,164,2,169
173,1,0,5,0,0,0,164,2,170
174,0,3,0,0,1,2,165,2,171
175,0,1,3,0,0,0,168,2,172
176,1,0,2,1,2,0,167,2,173
177,0,2,0,0,0,0,172,2,174
178,0,0,4,0,0,0,171,2,175
179,0,1,4,0,0,0,171,2,176
180,2,0,2,0,0,0,173,2,177
181,1,0,2,0,1,0,174,2,178
182,0,3,0,0,2,0,174,2,179
183,1,0,3,0,0,0,176,2,180
184,0,3,0,0,3,0,175,2,181
185,0,0,4,0,3,0,175,2,182
186,0,0,3,0,3,0,177,2,183
187,1,0,0,0,6,0,177,2,184
188,0,3,0,0,2,0,180,2,185
189,0,2,0,0,1,0,184,2,187
190,0,2,0,1,1,0,184,2,188
191,1,0,2,0,0,1,185,2,189
192,1,0,3,0,0,0,186,2,190
193,0,0,4,0,2,0,185,2,191
194,0,1,3,0,1,0,187,2,192
195,0,2,1,0,0,0,190,2,193
196,1,0,3,0,0,0,190,2,194
197,0,3,0,0,0,0,192,2,195
198,1,1,3,0,0,0,191,2,196
199,0,2,1,0,2,0,192,2,197
200,1,0,4,0,0,2,191,2,198
201,0,0,2,2,2,0,193,2,199
202,0,1,0,0,1,0,198,2,200
203,1,1,1,0,0,1,197,2,201
204,2,0,2,0,1,0,196,3,201
205,0,0,5,0,0,0,197,3,202
206,1,0,2,2,2,0,196,3,203
207,1,1,0,2,0,0,200,3,204
208,0,2,1,0,0,0,202,3,205
209,0,2,2,0,1,0,201,3,206
210,1,0,2,2,0,0,202,3,207
211,0,3,2,0,0,0,203,3,208
212,1,1,3,1,1,0,202,3,209
213,1,0,3,0,2,0,204,3,210
214,1,2,0,0,3,1,204,3,211
215,0,1,3,0,3,0,205,3,212
216,0,3,1,1,2,0,207,3,214
217,0,1,4,0,0,0,209,3,214
218,0,0,2,0,1,0,212,3,215
219,2,0,0,0,2,0,212,3,216
220,1,3,0,0,0,1,213,3,218
221,1,2,3,0,0,1,212,3,219
222,1,0,6,0,0,0,212,3,219
223,0,3,0,1,2,0,215,3,221
224,0,2,0,0,5,0,215,3,222
225,1,0,2,0,3,0,217,3,223
226,0,0,1,0,2,0,220,3,223
227,0,0,4,0,0,0,221,3,225
228,0,2,3,0,0,0,221,3,226
229,1,0,2,0,2,0,222,3,227
230,1,1,0,0,4,0,222,3,228
231,1,0,3,0,2,1,222,3,229
232,0,2,0,0,2,0,226,3,230
233,2,0,2,0,0,0,227,3,231
234,0,2,0,0,2,0,227,3,231
235,1,2,0,2,2,0,226,3,233
236,0,1,0,1,1,1,229,3,233
237,0,0,3,0,0,0,231,3,234
238,1,0,0,0,2,0,232,3,235
239,2,2,0,0,0,1,232,3,237
240,0,3,2,0,0,0,233,3,238
241,0,2,3,1,1,0,232,3,239
242,0,1,2,0,1,0,236,3,240
243,0,1,0,1,0,1,238,3,241
244,0,0,3,0,0,1,238,3,242
245,1,0,3,0,0,0,239,3,243
246,3,0,1,2,1,0,238,3,245
247,0,4,0,0,2,0,240,3,246
248,2,0,4,0,0,0,241,3,247
249,1,0,2,0,3,0,242,3,248
250,0,2,0,0,0,1,245,3,248
251,0,2,2,0,0,1,245,3,250
252,1,0,3,0,2,0,244,4,250
253,0,0,1,0,3,0,246,4,250
254,1,0,1,0,0,0,249,4,251
255,0,0,3,0,1,0,248,4,252
256,1,1,3,0,0,0,248,4,253
257,0,2,0,0,0,0,252,4,254
258,3,0,2,0,0,0,251,4,256
259,1,3,0,0,2,0,251,4,257
260,2,1,3,0,0,0,252,4,258
261,0,0,3,0,2,0,253,4,258
262,2,0,3,0,0,0,254,4,259
263,0,4,0,0,3,0,254,4,261
264,0,2,3,0,0,0,256,4,261
265,0,1,0,0,5,0,256,4,262
266,2,0,1,0,2,1,257,4,263
267,0,0,4,0,0,0,260,4,264
268,1,0,0,0,3,0,261,4,265
269,2,0,2,0,0,0,263,4,267
270,0,2,2,0,0,0,263,4,267
271,1,1,2,1,1,0,262,4,268
272,0,2,1,0,0,0,266,4,269
273,0,2,3,0,0,0,265,4,270
274,1,0,4,0,1,0,265,4,271
275,2,1,0,2,2,0,265,4,272
276,1,2,0,0,1,0,269,4,273
277,1,0,4,0,0,0,269,4,274
278,0,3,4,0,0,0,268,4,275
279,0,1,3,0,3,0,269,4,276
280,0,1,4,0,0,1,271,4,277
281,1,1,0,1,4,0,271,4,278
282,0,0,3,0,0,3,273,4,279
283,2,0,3,0,0,0,275,4,280
284,0,4,0,1,2,0,275,4,282
285,0,1,4,0,0,0,278,4,283
286,0,2,2,0,0,0,280,4,284
287,1,0,3,0,1,0,280,4,285
288,2,0,1,0,1,0,282,4,286
289,0,3,0,0,1,0,283,4,287
290,1,1,3,0,1,0,282,4,288
291,1,0,5,0,0,1,282,4,289
292,1,0,3,0,2,0,284,4,290
293,2,0,2,0,0,0,287,4,291
294,1,0,2,1,1,0,287,4,292
295,0,3,2,0,0,0,288,4,293
296,1,0,0,3,2,0,288,4,294
297,0,0,3,0,2,0,290,4,295
298,1,0,1,1,1,1,291,4,296
299,2,0,2,0,1,0,291,4,296
300,1,0,2,0,2,0,292,5,297
301,0,3,2,0,0,0,293,5,298
302,0,1,0,0,5,0,293,5,299
303,1,0,2,0,5,0,292,5,300
304,0,3,2,0,2,0,295,5,302
305,1,0,3,1,1,0,296,5,302
306,0,0,3,1,2,0,298,5,304
307,0,0,4,0,2,0,298,5,304
308,1,0,0,1,3,1,299,5,305
309,1,2,0,0,3,1,299,5,306
310,2,1,2,0,0,1,302,5,308
311,0,2,5,0,0,0,302,5,309
312,1,0,2,0,3,0,304,5,310
313,1,0,4,0,0,0,306,5,311
314,0,2,0,0,4,0,306,5,312
315,2,0,2,0,0,1,308,5,313
316,1,3,0,2,0,1,307,5,314
317,0,2,3,0,0,0,310,5,315
318,0,2,5,0,0,0,309,5,316
319,0,1,1,1,5,0,309,5,317
320,0,2,2,0,1,0,313,5,318
321,1,0,2,0,2,0,314,5,319
322,1,1,2,0,0,1,315,5,320
323,2,0,2,0,2,1,314,5,321
324,1,2,0,0,2,0,317,5,322
325,0,3,0,0,4,0,316,5,323
326,1,1,3,0,2,0,317,5,324
327,1,0,2,2,0,0,320,5,325
328,0,3,0,0,1,0,322,5,326
329,1,0,0,0,3,0,323,5,327
330,0,3,0,0,0,0,325,5,328
331,0,1,0,2,1,0,325,5,329
332,2,0,0,0,0,1,327,5,330
333,0,0,3,0,0,1,327,5,331
334,1,0,0,1,2,0,328,5,332
335,0,3,0,0,0,0,330,5,333
336,0,2,3,0,0,0,329,5,334
337,0,1,1,1,3,0,329,5,335
338,0,1,0,0,2,1,331,5,335
339,2,0,1,0,2,0,332,5,337
340,0,3,1,0,0,0,333,5,337
341,0,0,4,0,1,0,333,5,338
342,0,2,4,0,0,0,333,5,339
343,1,0,2,1,3,0,333,5,340
344,1,0,4,0,0,0,336,5,341
345,2,1,0,0,4,0,335,5,342
346,1,3,1,0,4,0,335,5,344
347,2,1,3,0,2,2,335,5,345
348,0,0,2,0,4,2,337,5,345
349,0,0,1,2,5,0,339,5,347
350,2,0,0,0,3,1,342,5,348
351,0,3,0,0,0,0,346,5,349
352,1,1,3,0,0,0,345,5,350
353,0,3,1,2,1,0,344,5,351
354,1,0,1,1,2,0,347,5,352
355,0,3,0,0,3,0,347,5,353
356,0,1,3,0,0,0,350,5,354
357,1,1,1,2,1,0,349,5,355
358,0,2,2,0,0,0,352,5,356
359,2,0,2,0,0,0,353,5,357
360,0,3,0,0,1,0,354,5,358
361,0,1,3,0,1,0,354,5,359
362,1,0,5,0,0,1,353,5,360
363,0,0,4,0,1,1,355,5,361
364,0,2,2,0,1,1,356,5,362
365,0,1,2,1,1,0,358,5,363
366,1,0,0,3,0,0,359,5,363
367,2,0,1,0,0,0,362,5,365
368,2,2,0,0,1,0,361,5,366
369,1,2,2,0,0,0,362,5,367
370,1,0,4,1,1,0,361,5,368
371,0,3,2,1,1,0,362,5,369
372,1,0,1,3,2,0,363,5,370
373,2,0,2,0,1,0,366,5,371
374,0,0,3,0,0,0,369,5,372
375,1,0,0,2,1,0,368,5,372
376,0,2,0,0,1,0,370,5,373
377,0,2,2,0,0,0,370,5,374
378,1,0,0,2,2,0,370,5,375
379,1,0,0,1,2,0,372,5,376
380,0,3,0,0,0,0,374,5,377
381,1,0,4,0,0,0,373,5,378
382,1,0,1,3,0,0,374,5,379
383,1,0,2,0,0,0,377,5,380
384,1,0,2,0,2,0,376,5,381
385,0,0,4,0,2,0,376,5,382
386,0,2,0,0,1,0,380,5,383
387,0,1,2,0,0,0,381,5,384
388,0,2,0,2,1,0,380,5,385
389,2,0,2,0,0,0,382,5,386
390,1,0,5,0,0,0,382,5,388
391,0,0,0,1,5,0,382,5,388
392,0,2,0,0,2,0,385,5,389
393,0,0,3,0,0,0,387,5,390
394,1,1,0,2,1,0,386,5,391
395,0,2,1,0,0,1,388,5,392
396,0,2,2,1,0,0,387,5,392
397,1,0,2,2,0,0,388,6,393
398,0,3,2,0,0,0,389,6,394
399,0,1,3,1,1,0,389,6,395
400,0,2,4,0,0,0,390,6,396
401,0,1,0,3,3,0,390,6,397
402,2,0,1,0,0,1,394,6,398
403,1,2,0,0,1,1,394,6,399
404,2,0,3,0,0,0,395,6,400
405,1,0,2,0,0,0,398,6,401
406,2,0,1,0,2,0,397,6,402
407,1,2,0,0,3,0,397,6,403
408,2,0,3,0,0,0,399,6,404
409,2,0,0,3,2,0,399,6,406
410,1,0,3,0,0,2,401,6,407
411,1,1,0,0,3,0,403,6,408
412,1,0,3,0,0,0,405,6,409
413,1,1,0,0,3,0,405,6,410
414,0,1,3,0,3,0,404,6,411
415,0,0,4,0,0,1,406,6,411
416,0,3,0,2,2,0,406,6,413
417,0,1,3,0,2,0,408,6,414
418,2,0,1,1,2,0,409,6,415
419,0,3,0,0,3,0,410,6,416
420,1,1,3,0,0,0,412,6,417
421,0,2,1,1,2,0,412,6,418
422,1,0,4,0,2,0,412,6,419
423,1,1,0,2,2,0,414,6,420
424,2,1,1,0,2,0,415,6,421
425,0,0,5,0,0,0,417,6,422
426,0,0,1,3,2,0,417,6,423
427,0,2,0,0,3,0,419,6,424
428,0,1,0,0,2,1,421,6,425
429,2,0,1,0,2,0,421,6,426
430,1,2,0,0,1,0,423,6,427
431,2,0,3,0,0,0,423,6,428
432,0,4,3,0,0,0,422,6,429
433,1,0,2,1,4,0,422,6,430
434,1,0,1,0,5,0,424,6,431
435,0,3,0,0,3,1,425,6,432
436,2,0,3,0,0,1,427,6,433
437,0,0,5,0,0,0,428,6,433
438,0,2,0,0,5,0,428,6,435
439,1,1,2,0,1,1,430,6,436
440,1,0,4,0,0,1,431,6,437
441,0,2,0,3,1,0,430,7,436
442,0,1,2,0,1,0,433,7,437
443,0,0,3,2,0,0,433,7,438
444,0,0,1,2,1,0,435,7,439
445,1,1,0,0,1,0,437,7,440
446,0,0,3,0,0,0,438,7,441
447,1,1,0,0,3,0,437,7,442
448,0,2,1,0,3,0,437,7,443
449,2,0,3,0,0,1,438,7,444
450,0,0,3,0,3,1,438,7,445
451,1,0,3,0,0,0,442,7,446
452,0,0,3,0,0,0,444,7,447
453,1,0,2,0,0,0,446,7,449
454,0,0,1,2,0,0,446,7,449
455,2,0,1,0,0,0,447,7,450
456,0,3,0,0,0,0,448,7,451
457,2,0,0,0,1,0,449,7,452
458,1,0,2,0,1,0,449,7,453
459,2,0,3,0,0,0,449,7,454
460,1,0,2,0,3,0,449,7,455
461,2,1,0,1,2,1,449,7,456
462,1,0,3,0,2,0,451,7,457
463,3,0,1,0,2,1,452,7,459
464,0,0,3,0,0,0,456,7,459
465,1,0,4,0,0,0,455,7,460
466,0,2,0,0,1,0,458,7,461
467,2,0,2,0,0,0,458,7,462
468,1,0,4,0,0,0,458,7,463
469,0,0,3,0,0,0,461,7,464
470,0,1,0,1,2,0,461,7,465
471,0,2,1,0,2,0,461,7,466
472,1,0,2,0,1,1,462,7,467
473,0,3,0,0,0,1,465,7,469
474,2,0,3,0,0,0,465,7,470
475,2,0,5,0,0,0,464,7,471
476,0,3,0,0,2,0,467,7,472
477,0,1,0,1,2,1,468,7,473
478,1,1,1,0,2,1,468,7,474
479,0,0,3,0,1,0,471,7,475
480,1,0,1,0,3,1,470,7,476
481,1,0,1,1,0,1,473,7,477
482,2,0,2,0,0,0,474,7,478
483,1,3,1,0,0,0,474,7,479
484,0,1,3,0,1,0,474,7,479
485,1,0,1,3,0,0,475,7,480
486,1,0,2,0,1,0,477,7,481
487,0,2,2,0,0,0,478,7,482
488,1,0,3,0,0,0,479,7,483
489,1,0,4,0,0,0,479,7,484
490,2,0,2,0,1,0,480,7,485
491,0,3,0,0,2,0,481,7,486
492,0,2,0,2,1,0,482,7,487
493,0,1,2,0,0,0,485,7,488
494,1,0,1,0,0,0,487,7,489
495,2,0,1,0,1,0,486,7,490
496,1,0,3,1,0,1,485,7,491
497,1,0,4,0,0,0,487,7,492
498,0,3,0,0,0,1,489,7,493
499,0,2,2,0,0,1,489,7,494
500,1,0,2,0,0,0,491,7,494
501,0,1,2,0,0,0,491,7,494
502,0,1,0,0,2,0,491,7,494
503,0,0,1,0,0,0,493,7,494
504,0,0,1,0,1,0,492,7,494
505,0,0,1,0,1,0,492,7,494
506,0,1,0,0,1,0,492,7,494
507,0,0,1,0,1,0,492,7,494
508,0,1,0,0,1,0,492,7,494
509,0,0,1,0,0,0,493,7,494
510,0,1,1,0,0,0,492,7,494
511,0,0,1,0,1,0,492,7,494
512,0,0,1,0,1,0,492,7,494
513,0,0,1,0,1,0,492,7,494
514,0,1,0,0,1,0,492,7,494
515,0,0,1,0,0,0,493,7,494
516,0,0,1,0,0,1,492,7,494
517,0,0,1,0,0,0,493,7,494
518,0,0,0,0,1,0,493,7,494
519,0,1,0,0,0,0,493,7,494
520,0,0,1,0,0,0,493,7,494
521,0,1,0,0,1,0,492,7,494
522,0,0,1,0,0,0,493,7,494
523,1,0,0,0,1,0,492,7,494
524,0,0,0,0,1,0,493,7,494
525,1,0,0,0,0,0,493,7,494
526,0,0,1,0,0,0,493,7,494
527,0,1,1,0,0,0,492,7,494
528,0,0,1,0,0,0,493,7,494
529,1,0,0,0,1,0,492,7,494
530,0,0,1,0,0,0,493,7,494
531,1,0,0,0,1,0,492,7,494
532,0,0,1,0,1,0,492,7,494
533,0,1,0,0,0,0,493,7,494
534,1,0,1,0,0,0,492,7,494
535,0,0,1,1,0,0,492,7,494
536,0,0,1,0,0,0,493,7,494
537,1,0,0,0,1,0,492,7,494
538,0,1,0,0,1,0,492,7,494
539,0,1,1,0,0,0,492,7,494
540,0,0,1,1,0,0,492,7,494
541,1,0,1,0,0,0,492,7,494
542,0,1,0,0,1,0,492,7,494
543,0,1,1,0,0,1,491,7,494
544,0,0,2,0,0,0,492,7,494
545,0,1,0,0,1,0,492,7,494
546,0,0,1,0,0,0,493,7,494
547,1,0,1,0,0,0,492,7,494
548,0,1,0,1,0,0,492,7,494
549,0,1,1,0,0,0,492,7,494
550,0,0,0,0,2,0,492,7,494
551,0,0,1,0,2,0,491,7,494
552,0,0,0,0,1,0,493,7,494
553,1,0,0,0,1,0,492,7,494
554,0,1,0,0,0,1,492,7,494
555,1,0,1,0,0,1,491,7,494
556,0,1,1,0,0,0,491,7,493
557,0,1,1,0,1,0,490,8,493
558,0,0,0,0,2,0,491,8,493
559,0,1,0,0,0,0,492,8,493
560,0,0,1,0,0,0,492,8,493
561,1,0,0,0,1,0,491,8,493
562,0,1,0,0,1,0,491,8,493
563,1,0,1,0,0,1,490,8,493
564,1,0,0,1,1,0,490,8,493
565,0,0,1,0,0,0,492,8,493
566,0,1,1,0,0,0,491,8,493
567,0,0,1,0,0,0,492,8,493
568,1,0,0,1,0,0,491,8,493
569,0,0,1,0,0,0,492,8,493
570,1,0,1,0,0,0,491,8,493
571,0,1,0,1,0,0,491,8,493
572,0,1,1,0,0,0,491,8,493
573,0,0,1,1,0,0,491,8,493
574,0,1,1,0,0,0,491,8,493
575,0,0,1,0,0,0,492,8,493
576,0,0,2,0,0,0,491,8,493
577,0,0,0,2,0,0,491,8,493
578,0,0,1,0,0,0,492,8,493
579,0,0,1,0,0,0,492,8,493
580,1,0,0,0,0,0,492,8,493
581,0,1,0,0,0,0,492,8,493
582,1,0,1,0,0,0,491,8,493
583,0,0,2,0,0,0,491,8,493
584,1,0,0,2,0,0,490,8,493
585,0,1,0,0,0,0,492,8,493
586,1,0,0,1,0,0,491,8,493
587,0,1,0,0,0,0,492,8,493
588,1,0,1,0,0,0,491,8,493
589,0,0,1,0,1,0,491,8,493
590,0,1,1,0,0,0,491,8,493
591,0,0,1,0,1,0,491,8,493
592,0,0,1,1,0,0,491,8,493
593,0,0,0,0,1,0,492,8,493
594,0,1,0,0,0,0,492,8,493
595,0,0,0,0,0,0,493,8,493
596,1,0,0,0,0,0,492,8,493
597,0,0,1,0,0,0,492,8,493
598,0,0,0,0,0,0,493,8,493
599,1,0,0,0,0,0,492,8,493
600,0,1,0,0,0,0,492,8,493
601,0,1,1,0,0,0,491,8,493
602,0,0,1,0,1,0,491,8,493
603,1,0,1,0,0,0,491,8,493
604,0,1,0,0,1,0,491,8,493
605,1,0,1,0,1,0,490,8,493
606,0,1,0,0,1,0,491,8,493
607,0,1,0,1,0,0,491,8,493
608,0,0,0,0,1,0,492,8,493
609,0,1,0,0,1,0,491,8,493
610,0,0,1,0,0,0,492,8,493
611,0,0,1,0,1,0,491,8,493
612,0,0,0,0,1,0,492,8,493
613,0,0,0,0,0,0,493,8,493
614,0,0,1,0,0,0,492,8,493
615,1,0,0,0,1,0,491,8,493
616,0,1,0,0,0,0,492,8,493
617,0,1,1,0,0,0,491,8,493
618,0,0,1,0,0,0,492,8,493
619,0,0,1,1,0,0,491,8,493
620,0,0,0,0,0,0,493,8,493
621,0,0,1,0,0,0,492,8,493
622,0,0,0,0,1,0,492,8,493
623,1,0,0,0,1,0,491,8,493
624,0,1,0,0,0,0,492,8,493
625,1,0,1,0,0,0,491,8,493
626,0,1,1,0,0,0,491,8,493
627,0,1,0,1,1,0,490,8,493
628,0,0,1,0,1,0,491,8,493
629,1,0,0,1,0,0,491,8,493
630,0,0,1,0,0,0,492,8,493
631,1,0,0,0,1,0,491,8,493
632,0,1,0,0,1,0,491,8,493
633,1,0,1,0,0,0,491,8,493
634,0,0,1,0,0,0,492,8,493
635,0,0,0,1,1,0,491,8,493
636,0,0,0,0,1,0,492,8,493
637,0,1,0,0,0,1,491,8,493
638,0,0,0,1,0,0,491,9,492
639,1,0,0,0,0,0,491,9,492
640,0,1,0,0,0,0,491,9,492
641,1,0,0,1,0,0,490,9,492
642,0,1,0,0,0,0,491,9,492
643,0,1,1,0,0,0,490,9,492
644,1,0,1,1,0,0,489,9,492
645,0,1,1,0,0,0,490,9,492
646,0,1,1,0,1,0,489,9,492
647,0,0,1,0,0,0,491,9,492
648,0,1,1,0,0,0,490,9,492
649,0,0,1,1,0,0,490,9,492
650,1,0,1,0,0,0,490,9,492
651,0,0,1,0,1,0,490,9,492
652,1,0,1,0,0,1,489,9,492
653,0,1,0,0,1,1,489,9,492
654,1,0,1,0,0,0,490,9,492
655,0,1,0,0,0,0,491,9,492
656,1,0,1,0,0,0,490,9,492
657,0,0,1,0,0,0,491,9,492
658,0,0,1,0,0,0,491,9,492
659,1,0,0,0,1,0,490,9,492
660,0,0,1,0,0,0,491,9,492
661,0,1,0,0,0,0,491,9,492
662,0,0,0,0,1,0,491,9,492
663,0,1,0,0,1,0,490,9,492
664,0,0,1,0,0,0,491,9,492
665,0,1,0,0,1,0,490,9,492
666,0,0,1,0,0,0,491,9,492
667,1,0,0,0,1,0,490,9,492
668,0,1,0,0,0,0,491,9,492
669,0,1,1,0,0,0,490,9,492
670,0,1,2,0,0,0,489,9,492
671,0,0,1,0,0,0,491,9,492
672,1,0,0,0,1,0,490,9,492
673,0,1,0,0,1,0,490,9,492
674,0,1,1,0,0,0,490,9,492
675,0,0,1,0,0,0,491,9,492
676,0,0,0,0,2,0,490,9,492
677,0,0,0,0,0,1,491,9,492
678,1,0,0,0,0,0,491,9,492
679,0,0,1,0,0,0,491,9,492
680,0,0,0,0,1,0,491,9,492
681,0,1,0,0,0,0,491,9,492
682,0,0,1,0,0,0,491,9,492
683,0,0,2,0,0,0,490,9,492
684,1,0,0,0,0,0,491,9,492
685,0,1,0,0,0,0,491,9,492
686,0,0,2,0,0,0,490,9,492
687,0,0,2,0,0,0,490,9,492
688,0,0,0,0,0,0,492,9,492
689,0,0,1,0,0,0,491,9,492
690,0,0,1,0,0,0,491,9,492
691,0,1,0,0,1,0,490,9,492
692,0,0,1,0,0,0,491,9,492
693,1,0,0,0,1,0,490,9,492
694,0,1,0,0,0,0,491,9,492
695,0,0,2,0,0,0,490,9,492
696,0,0,0,0,2,0,490,9,492
697,0,0,1,0,0,0,491,9,492
698,0,0,1,0,0,0,491,9,492
699,1,0,0,0,0,0,491,9,492
700,0,1,0,0,0,0,491,9,492
701,1,0,1,0,0,0,490,9,492
702,0,0,1,0,1,0,490,9,492
703,0,0,2,0,1,0,489,9,492
704,0,0,2,0,1,1,488,9,492
705,0,0,0,1,1,1,489,9,492
706,1,0,0,0,0,1,490,9,492
707,0,0,1,0,0,0,491,9,492
708,1,0,0,0,1,0,490,9,492
709,0,1,0,0,0,0,491,9,492
710,0,0,0,1,0,0,491,9,492
711,1,0,0,0,0,0,491,9,492
712,0,2,0,0,0,0,490,9,492
713,0,0,2,0,0,0,490,9,492
714,0,1,0,0,1,0,490,9,492
715,0,0,1,0,1,0,490,9,492
716,0,1,0,0,0,0,491,9,492
717,0,0,1,0,0,0,491,9,492
718,1,0,0,0,0,0,491,9,492
719,0,1,0,0,0,0,491,9,492
720,1,0,1,0,0,0,490,9,492
721,0,0,0,1,1,0,490,9,492
722,0,0,0,0,1,0,491,9,492
723,0,1,0,0,0,0,491,9,492
724,0,0,2,0,0,0,490,9,492
725,0,0,0,0,0,0,492,9,492
726,0,0,0,0,0,0,492,9,492
727,0,1,0,0,0,0,491,9,492
728,0,0,1,0,0,0,491,9,492
729,1,0,0,1,0,0,490,9,492
730,0,1,0,0,0,0,491,9,492
731,1,0,1,0,0,0,490,9,492
732,0,0,1,0,1,0,490,9,492
733,0,1,1,0,0,1,489,9,492
734,0,0,1,0,0,0,490,9,491
735,0,0,2,0,0,0,489,10,491
736,0,0,0,0,0,0,491,10,491
737,1,0,0,0,0,0,490,10,491
738,0,1,0,0,0,0,490,10,491
739,1,0,0,1,0,0,489,10,491
740,0,0,1,0,0,0,490,10,491
741,1,0,1,0,0,0,489,10,491
742,0,1,0,0,0,0,490,10,491
743,0,0,0,0,1,0,490,10,491
744,1,0,0,0,0,0,490,10,491
745,1,0,1,0,0,0,489,10,491
746,0,0,2,0,0,0,489,10,491
747,0,1,1,0,0,0,489,10,491
748,0,0,0,0,1,0,490,10,491
749,0,1,0,0,0,0,490,10,491
750,0,0,1,0,0,0,490,10,491
751,1,0,0,1,0,0,489,10,491
752,0,1,0,0,0,0,490,10,491
753,1,0,1,0,0,0,489,10,491
754,0,0,2,0,0,0,489,10,491
755,1,0,1,0,1,0,488,10,491
756,1,0,1,0,2,0,487,10,491
757,0,1,0,0,1,1,488,10,491
758,0,0,1,0,0,1,489,10,491
759,1,0,0,0,1,0,489,10,491
760,0,1,0,0,1,0,489,10,491
761,1,0,0,0,1,0,489,10,491
762,0,1,0,0,0,0,490,10,491
763,1,0,1,0,0,0,489,10,491
764,0,0,1,0,1,0,489,10,491
765,0,1,0,0,0,0,490,10,491
766,0,0,1,0,0,0,490,10,491
767,0,0,1,0,1,0,489,10,491
768,0,0,1,0,0,0,490,10,491
769,1,0,0,0,1,0,489,10,491
770,0,0,1,0,0,0,490,10,491
771,0,0,1,0,1,0,489,10,491
772,0,0,1,0,1,0,489,10,491
773,1,0,0,1,0,0,489,10,491
774,0,1,0,0,0,0,490,10,491
775,1,0,1,0,0,0,489,10,491
776,0,1,0,1,0,0,489,10,491
777,0,1,0,1,0,0,489,10,491
778,0,0,0,0,0,0,491,10,491
779,0,0,1,0,0,0,490,10,491
780,0,0,1,0,0,0,490,10,491
781,1,0,0,0,1,0,489,10,491
782,0,1,0,0,1,0,489,10,491
783,0,0,1,0,0,0,490,10,491
784,0,1,0,1,0,0,489,10,491
785,0,0,1,0,0,0,490,10,491
786,1,0,0,0,1,0,489,10,491
787,0,1,0,0,0,0,490,10,491
788,0,0,2,0,0,0,489,10,491
789,0,0,0,0,2,0,489,10,491
790,1,0,0,0,0,1,489,10,491
791,0,0,1,0,0,0,489,10,490
792,0,0,1,0,0,0,489,11,490
793,1,0,0,0,0,0,489,11,490
794,0,0,1,0,0,0,489,11,490
795,0,0,1,0,1,0,488,11,490
796,0,0,0,0,0,0,490,11,490
797,0,0,0,0,0,0,490,11,490
798,0,0,1,0,0,0,489,11,490
799,0,1,0,0,0,0,489,11,490
800,0,0,1,0,0,0,489,11,490
801,0,0,1,0,0,0,489,11,490
802,0,1,0,0,1,0,488,11,490
803,0,0,0,0,1,0,489,11,490
804,0,1,0,0,1,0,488,11,490
805,0,0,1,0,0,0,489,11,490
806,1,0,0,0,0,0,489,11,490
807,0,1,0,0,0,0,489,11,490
808,0,0,2,0,0,0,488,11,490
809,0,0,2,0,0,0,488,11,490
810,1,0,0,0,1,0,488,11,490
811,0,1,0,0,0,0,489,11,490
812,0,1,1,0,0,0,488,11,490
813,0,0,1,0,0,0,489,11,490
814,0,0,2,0,0,0,488,11,490
815,0,0,0,2,0,0,488,11,490
816,1,0,0,0,0,0,489,11,490
817,0,1,0,0,0,0,489,11,490
818,0,1,1,0,0,0,488,11,490
819,0,0,1,0,0,0,489,11,490
820,0,0,2,0,0,0,488,11,490
821,0,0,0,0,1,0,489,11,490
822,1,0,0,0,0,0,489,11,490
823,1,0,1,0,0,0,488,11,490
824,0,1,1,0,0,0,488,11,490
825,0,1,1,0,0,0,488,11,490
826,0,0,1,1,0,0,488,11,490
827,0,1,0,0,1,0,488,11,490
828,0,0,1,0,0,0,489,11,490
829,1,0,1,0,0,0,488,11,490
830,0,1,0,1,0,0,488,11,490
831,0,0,1,0,0,0,489,11,490
832,1,0,0,1,0,0,488,11,490
833,1,0,1,0,0,0,488,11,490
834,0,0,1,0,1,0,488,11,490
835,0,0,0,0,1,0,489,11,490
836,0,1,0,0,1,0,488,11,490
837,0,0,0,0,1,0,489,11,490
838,1,0,0,0,0,0,489,11,490
839,0,2,0,0,0,0,488,11,490
840,0,0,2,0,0,0,488,11,490
841,0,1,0,2,0,0,487,11,490
842,0,0,1,0,0,0,489,11,490
843,0,0,0,0,0,0,490,11,490
844,0,1,0,0,0,0,489,11,490
845,0,0,1,0,0,0,489,11,490
846,0,1,1,0,0,0,488,11,490
847,0,0,2,0,1,0,487,11,490
848,0,0,2,0,0,0,488,11,490
849,1,0,0,0,2,0,487,11,490
850,0,0,1,0,0,2,487,11,490
851,1,0,0,1,0,0,488,11,490
852,0,1,0,0,0,0,489,11,490
853,1,0,1,0,0,0,488,11,490
854,0,1,1,0,0,0,488,11,490
855,0,0,1,1,0,0,488,11,490
856,0,0,1,1,0,0,488,11,490
857,0,0,0,1,0,0,489,11,490
858,0,0,1,0,0,0,489,11,490
859,0,1,0,0,1,0,488,11,490
860,0,0,1,0,0,0,489,11,490
861,1,0,0,0,1,0,488,11,490
862,0,0,1,0,1,0,488,11,490
863,0,1,0,0,0,0,489,11,490
864,0,0,0,0,0,0,490,11,490
865,1,0,0,0,0,0,489,11,490
866,0,0,1,0,0,0,489,11,490
867,1,0,0,1,0,0,488,11,490
868,0,0,1,0,0,0,489,11,490
869,0,1,0,1,0,0,488,11,490
870,0,1,1,0,0,0,488,11,490
871,0,0,1,0,0,0,489,11,490
872,0,1,0,0,1,0,488,11,490
873,0,0,1,0,1,0,488,11,490
874,1,0,0,1,0,0,488,11,490
875,0,0,1,0,0,0,489,11,490
876,0,0,1,0,0,0,489,11,490
877,0,1,0,0,1,0,488,11,490
878,0,0,2,0,1,0,487,11,490
879,0,0,0,0,2,1,487,11,490
880,0,0,0,0,2,0,488,11,490
881,0,1,0,0,0,1,488,11,490
882,1,0,0,0,1,0,487,11,489
883,0,1,0,0,0,0,488,12,489
884,0,0,2,0,0,0,487,12,489
885,0,0,0,0,2,0,487,12,489
886,0,0,1,0,0,0,488,12,489
887,0,0,0,1,0,0,488,12,489
888,0,0,0,0,0,0,489,12,489
889,1,0,0,0,0,0,488,12,489
890,1,0,1,0,0,0,487,12,489
891,0,0,1,0,1,0,487,12,489
892,0,1,0,0,1,0,487,12,489
893,0,0,1,0,1,0,487,12,489
894,0,0,2,0,0,0,487,12,489
895,0,0,1,0,0,0,488,12,489
896,1,0,0,0,1,0,487,12,489
897,0,0,1,0,0,0,488,12,489
898,1,0,1,0,0,0,487,12,489
899,0,0,1,0,0,0,488,12,489
900,1,0,0,0,1,0,487,12,489
901,1,1,0,0,1,0,486,12,489
902,0,1,1,0,0,0,487,12,489
903,0,0,1,1,0,0,487,12,489
904,0,1,1,0,0,0,487,12,489
905,0,0,0,1,1,0,487,12,489
906,1,0,0,0,0,0,488,12,489
907,0,1,0,0,0,0,488,12,489
908,1,0,1,0,0,0,487,12,489
909,0,0,1,0,1,0,487,12,489
910,1,0,0,0,2,0,486,12,489
911,0,1,0,0,0,0,488,12,489
912,0,1,1,0,0,0,487,12,489
913,0,0,1,1,0,0,487,12,489
914,1,0,1,0,0,0,487,12,489
915,0,0,1,1,0,0,487,12,489
916,1,0,1,0,0,0,487,12,489
917,0,1,0,0,1,0,487,12,489
918,1,0,1,0,0,0,487,12,489
919,0,1,0,0,1,0,487,12,489
920,0,1,0,1,0,0,487,12,489
921,0,0,1,0,0,0,488,12,489
922,1,0,1,0,0,0,487,12,489
923,0,0,1,0,0,0,488,12,489
924,0,0,1,0,0,0,488,12,489
925,1,0,0,0,0,0,488,12,489
926,0,0,1,0,0,0,488,12,489
927,1,0,1,0,0,0,487,12,489
928,0,1,0,0,1,0,487,12,489
929,1,0,1,0,0,0,487,12,489
930,0,1,1,0,0,0,487,12,489
931,0,1,0,0,2,0,486,12,489
932,0,0,1,0,0,0,488,12,489
933,1,0,0,1,0,0,487,12,489
934,0,0,1,0,0,0,488,12,489
935,1,0,0,0,1,0,487,12,489
936,0,0,0,0,0,0,489,12,489
937,0,1,0,0,0,0,488,12,489
938,1,0,1,0,0,0,487,12,489
939,0,1,0,1,0,0,487,12,489
940,0,0,1,0,0,0,488,12,489
941,0,1,1,0,0,0,487,12,489
942,0,0,1,0,1,0,487,12,489
943,0,0,2,0,0,0,487,12,489
944,0,0,0,0,2,0,487,12,489
945,0,0,1,0,0,0,488,12,489
946,0,0,0,0,1,0,488,12,489
947,0,1,0,0,0,0,488,12,489
948,0,0,1,0,0,0,488,12,489
949,1,0,1,0,0,0,487,12,489
950,0,1,0,0,1,0,487,12,489
951,0,0,1,0,0,0,488,12,489
952,0,1,1,0,0,0,487,12,489
953,0,0,1,0,0,0,488,12,489
954,1,0,0,0,0,1,487,12,489
955,0,0,1,0,0,0,488,12,489
956,0,0,1,0,1,0,487,12,489
957,0,0,0,0,0,0,489,12,489
958,0,1,0,0,0,0,488,12,489
959,0,0,0,1,0,0,488,12,489
960,1,0,0,0,0,0,488,12,489
961,0,1,0,0,0,0,488,12,489
962,1,0,1,0,0,0,487,12,489
963,0,0,1,0,0,0,488,12,489
964,0,1,0,0,1,0,487,12,489
965,0,0,1,0,0,0,488,12,489
966,1,0,0,0,1,0,487,12,489
967,0,1,0,0,0,0,488,12,489
968,1,0,0,0,1,0,487,12,489
969,1,0,1,0,0,1,486,12,489
970,0,0,1,0,1,1,486,12,489
971,1,0,1,0,0,0,487,12,489
972,0,1,0,0,1,0,487,12,489
973,1,0,1,0,0,0,487,12,489
974,0,0,2,0,0,0,487,12,489
975,0,0,0,0,2,0,487,12,489
976,0,1,0,0,0,0,488,12,489
977,0,0,1,0,0,0,488,12,489
978,1,0,0,0,1,0,487,12,489
979,0,0,2,0,0,0,487,12,489
980,0,0,2,0,0,0,487,12,489
981,0,1,0,2,0,0,486,12,489
982,0,0,1,0,0,0,488,12,489
983,1,0,0,0,1,0,487,12,489
984,0,1,0,0,1,0,487,12,489
985,0,1,1,0,0,0,487,12,489
986,0,0,1,1,0,0,487,12,489
987,1,0,1,0,0,0,487,12,489
988,0,0,1,0,0,0,488,12,489
989,0,1,0,0,0,0,488,12,489
990,0,0,1,0,0,0,488,12,489
991,1,0,0,0,1,0,487,12,489
992,0,0,1,0,0,0,488,12,489
993,0,1,0,1,0,0,487,12,489
994,0,0,1,0,0,0,488,12,489
995,0,1,0,0,1,0,487,12,489
996,0,0,1,0,0,0,488,12,489
997,0,1,0,0,1,0,487,12,489
998,0,1,1,0,1,0,486,12,489
999,0,0,1,0,0,1,487,12,489
1000,0,0,0,0,1,0,488,12,489
1001,0,0,1,0,1,0,487,12,489
1002,0,0,0,0,1,1,487,12,489
1003,1,0,0,0,0,1,487,12,489
1004,0,1,0,0,0,0,488,12,489
1005,1,0,1,0,0,0,487,12,489
1006,0,1,0,1,0,0,487,12,489
1007,0,1,1,0,0,0,487,12,489
1008,0,0,1,0,0,0,488,12,489
1009,1,0,0,0,1,0,487,12,489
1010,0,2,0,0,1,0,486,12,489
1011,0,0,2,0,0,0,487,12,489
1012,1,0,0,1,1,0,486,12,489
1013,0,0,1,0,0,0,488,12,489
1014,0,1,0,0,0,0,488,12,489
1015,0,0,1,0,0,0,488,12,489
1016,0,1,0,0,1,0,487,12,489
1017,0,0,1,0,1,0,487,12,489
1018,0,0,0,0,1,0,488,12,489
1019,0,0,1,0,0,1,487,12,489
1020,0,0,1,0,0,0,488,12,489
1021,0,0,1,0,0,0,488,12,489
1022,0,0,0,0,1,0,488,12,489
1023,1,0,0,0,0,0,488,12,489
1024,0,1,0,0,0,0,488,12,489
1025,1,0,1,0,0,0,487,12,489
1026,0,0,0,1,1,0,487,12,489
1027,0,1,0,0,0,1,487,12,489
1028,0,0,1,0,0,0,488,12,489
1029,0,0,0,0,0,0,489,12,489
1030,0,1,0,0,0,0,488,12,489
1031,0,0,1,0,0,0,488,12,489
1032,1,0,1,0,0,0,487,12,489
1033,0,1,0,0,1,0,487,12,489
1034,0,1,0,0,1,0,487,12,489
1035,0,0,0,0,0,0,489,12,489
1036,1,0,0,0,0,0,488,12,489
1037,0,1,0,0,0,0,488,12,489
1038,0,1,1,0,0,0,487,12,489
1039,0,0,2,0,0,0,487,12,489
1040,0,0,1,0,1,0,487,12,489
1041,0,0,0,1,0,0,488,12,489
1042,0,1,0,0,0,0,488,12,489
1043,0,0,0,1,0,0,488,12,489
1044,1,0,0,0,0,0,488,12,489
1045,0,0,1,0,0,0,488,12,489
1046,0,1,0,0,0,0,488,12,489
1047,0,0,1,0,0,0,488,12,489
1048,1,0,0,0,1,0,487,12,489
1049,0,2,0,0,0,0,487,12,489
1050,0,0,2,0,0,0,487,12,489
1051,1,0,0,2,0,0,486,12,489
1052,0,1,0,0,0,0,488,12,489
1053,1,0,1,0,0,0,487,12,489
1054,0,1,1,0,0,0,487,12,489
1055,0,1,1,0,0,0,487,12,489
1056,0,0,2,0,0,0,487,12,489
1057,1,0,0,1,1,0,486,12,489
1058,0,1,0,0,1,0,487,12,489
1059,0,0,2,0,0,0,487,12,489
1060,1,0,0,0,1,0,487,12,489
1061,0,0,1,0,0,1,487,12,489
1062,0,1,0,0,1,0,486,13,488
1063,0,0,0,0,1,0,487,13,488
1064,0,1,0,0,0,1,486,13,488
1065,0,0,1,0,0,1,486,13,488
1066,1,0,1,0,0,0,486,13,488
1067,0,0,1,1,0,0,486,13,488
1068,0,0,1,0,0,0,487,13,488
1069,0,1,0,0,1,0,486,13,488
1070,0,1,1,0,0,0,486,13,488
1071,0,0,2,0,0,0,486,13,488
1072,0,1,0,0,2,0,485,13,488
1073,0,0,1,0,0,0,487,13,488
1074,0,1,0,0,1,0,486,13,488
1075,0,0,1,0,0,1,486,13,488
1076,0,1,1,0,0,1,485,13,488
1077,0,0,1,0,0,0,487,13,488
1078,1,0,0,0,1,0,486,13,488
1079,0,0,0,0,1,0,487,13,488
1080,1,0,0,0,0,0,487,13,488
1081,0,0,1,0,0,0,487,13,488
1082,0,0,0,1,0,0,487,13,488
1083,0,1,0,0,0,0,487,13,488
1084,1,0,1,0,0,0,486,13,488
1085,0,0,1,0,1,0,486,13,488
1086,0,0,0,1,0,0,487,13,488
1087,0,1,0,0,0,0,487,13,488
1088,0,0,2,0,0,0,486,13,488
1089,0,0,0,2,0,0,486,13,488
1090,1,0,0,0,0,0,487,13,488
1091,0,1,0,0,0,0,487,13,488
1092,0,0,1,0,0,0,487,13,488
1093,1,0,0,0,0,0,487,13,488
1094,1,1,0,0,0,0,486,13,488
1095,0,0,2,0,0,0,486,13,488
1096,0,0,0,2,0,0,486,13,488
1097,0,1,0,0,0,0,487,13,488
1098,0,0,1,0,0,0,487,13,488
1099,1,0,0,0,0,0,487,13,488
1100,0,0,1,0,0,0,487,13,488
1101,0,0,2,0,0,0,486,13,488
1102,0,0,0,0,1,0,487,13,488
1103,0,1,0,0,0,0,487,13,488
1104,0,0,1,0,0,0,487,13,488
1105,0,1,1,0,0,0,486,13,488
1106,0,0,1,0,1,0,486,13,488
1107,0,1,0,0,1,0,486,13,488
1108,0,0,1,0,1,0,486,13,488
1109,1,0,0,0,1,0,486,13,488
1110,0,1,0,0,0,0,487,13,488
1111,1,0,1,0,0,0,486,13,488
1112,0,0,2,0,0,0,486,13,488
1113,0,1,0,0,2,0,485,13,488
1114,0,0,1,0,0,0,487,13,488
1115,1,0,0,0,1,0,486,13,488
1116,0,1,0,0,0,0,487,13,488
1117,1,0,1,0,0,0,486,13,488
1118,0,1,0,0,1,0,486,13,488
1119,1,0,1,0,1,0,485,13,488
1120,0,0,0,1,1,0,486,13,488
1121,0,1,0,0,0,0,487,13,488
1122,0,0,1,0,0,0,487,13,488
1123,1,0,0,0,1,0,486,13,488
1124,0,1,0,0,0,0,487,13,488
1125,0,0,2,0,0,0,486,13,488
1126,0,0,0,0,0,0,488,13,488
1127,1,0,0,0,0,0,487,13,488
1128,0,1,0,0,0,0,487,13,488
1129,1,0,1,0,0,0,486,13,488
1130,0,0,0,2,0,0,486,13,488
1131,0,1,0,0,0,0,487,13,488
1132,0,0,1,0,0,0,487,13,488
1133,0,0,2,0,0,0,486,13,488
1134,0,0,0,0,2,0,486,13,488
1135,0,1,0,0,0,0,487,13,488
1136,0,0,1,0,0,0,487,13,488
1137,1,0,0,0,0,0,487,13,488
1138,0,0,1,0,0,0,487,13,488
1139,0,0,2,0,0,0,486,13,488
1140,0,1,0,0,1,0,486,13,488
1141,0,0,0,1,0,0,487,13,488
1142,0,1,0,0,0,0,487,13,488
1143,0,0,1,0,0,0,487,13,488
1144,1,0,0,1,0,0,486,13,488
1145,0,1,0,0,0,0,487,13,488
1146,0,1,1,0,0,0,486,13,488
1147,0,0,1,0,1,0,486,13,488
1148,1,0,0,1,0,0,486,13,488
1149,0,1,0,0,0,0,487,13,488
1150,1,0,0,0,1,0,486,13,488
1151,0,1,0,0,1,0,486,13,488
1152,0,1,0,1,0,0,486,13,488
1153,0,0,0,0,1,0,487,13,488
1154,1,0,0,0,1,0,486,13,488
1155,0,0,1,0,0,1,486,13,488
1156,1,0,0,0,0,0,487,13,488
1157,1,0,1,0,0,0,486,13,488
1158,0,0,1,0,0,0,487,13,488
1159,0,0,0,0,0,0,488,13,488
1160,1,0,0,0,0,0,487,13,488
1161,0,0,1,0,0,0,487,13,488
1162,0,1,0,0,1,0,486,13,488
1163,0,0,1,0,0,0,487,13,488
1164,0,1,0,1,0,0,486,13,488
1165,0,0,1,0,0,0,487,13,488
1166,0,0,1,0,1,0,486,13,488
1167,0,0,1,0,1,0,486,13,488
1168,0,0,0,0,1,0,487,13,488
1169,1,0,0,0,1,0,486,13,488
1170,0,1,0,0,0,0,487,13,488
1171,0,1,1,0,0,0,486,13,488
1172,0,0,2,0,0,0,486,13,488
1173,0,1,0,0,2,0,485,13,488
1174,0,0,1,0,0,0,487,13,488
1175,0,1,1,0,0,0,486,13,488
1176,0,0,1,0,1,0,486,13,488
1177,0,0,1,0,2,0,485,13,488
1178,0,0,1,0,0,2,485,13,488
1179,0,1,0,0,0,0,487,13,488
1180,0,0,1,0,0,0,487,13,488
1181,0,0,0,1,0,0,487,13,488
1182,0,0,1,0,0,0,487,13,488
1183,0,0,1,0,0,0,487,13,488
1184,0,1,0,0,1,0,486,13,488
1185,0,0,1,0,0,0,487,13,488
1186,1,0,0,0,1,0,486,13,488
1187,0,0,1,0,0,0,487,13,488
1188,0,1,0,0,0,0,487,13,488
1189,0,0,1,0,0,0,487,13,488
1190,1,0,0,0,1,0,486,13,488
1191,0,1,0,0,0,1,486,13,488
1192,1,0,1,0,0,1,485,13,488
1193,0,1,0,0,0,0,487,13,488
1194,0,1,0,0,1,0,486,13,488
1195,0,0,1,0,1,0,486,13,488
1196,0,1,0,0,1,0,486,13,488
1197,0,0,1,0,0,0,487,13,488
1198,1,0,0,1,0,0,486,13,488
1199,0,0,1,0,0,0,487,13,488
1200,1,0,1,0,0,0,486,13,488
